sample_type_term,count
experimental sample,3562
Experimental sample,455
pooled quality control sample,305
experimental blank,111
solvent blank,72
Experimental blank,59
Reference compound mixture,47
Pooled quality control,38
biological sample,32
Pooled Sample,28
Quality control,27
Pooled sample,26
sample preparation blank,25
Solvent blank,23
reference compound mixture,19
pooled quality control,17
reference compound mix,17
Quality Control,13
Pooled quality control sample,12
Reference compound single,12
media blank,11
Experimental control sample,11
reference compound,11
Media blank,11
Blank sample,10
quality control,9
Quality control pooled,7
blank sample,7
Internal standard mixture,6
reference compound single,6
legacy experimental control sample,6
Experimental control,5
Reference compound,5
Sample preparation blank,5
Standard,4
experimental control,4
Unknown,4
blank,4
SPME blank,4
pool,4
Technical replicate,3
Quality Control Sample,3
pooled gonads,3
Incubation solvent,2
Cell culture,2
Reference sample,2
Reference compound mix,2
Tissue,2
Reference Material,2
Standard Reference Material,2
Fluid Section,2
technical replicate,2
QC,2
Dilution series,1
Emergency Instrument Conditioning,1
Instrument Conditioning,1
Long Term Reference,1
Data-Dependent Acquisition,1
Study reference,1
Dilution Series,1
medium blank,1
pooled sample + rentention index standards,1
pooled sample chemical ionization,1
sample,1
pooled sample,1
standard Experimental sample,1
Reconstitution solvent,1
Spiking solution,1
Tissue sample,1
Electronic blank,1
calibration curve,1
Spiked Quality Control Sample,1
calibration sample role,1
buffer blank,1
response check,1
Pooled QC,1
Tissue Section,1
Candidate Reference Material,1
Isopropanol,1
Reference Mixture,1
Solvent Blank,1
Injection control,1
reference sample,1
Extraction blank,1
Instrumental quality control,1
experimental control sample (NIST1950),1
burn-in blank,1
water blank,1
internal standard mixture,1
pooled study quality control sample,1
experimental Blank,1
pooled laboratory reference quality control,1
internal standard mix,1
MSIO,1
MTBLS,1
Internal standard single,1
Retention Index Reference,1
extraction blank,1
fibre blank,1
Calibration Reference,1
filter blank,1
SPE blank,1
NIST standard reference material,1
pooled quality control sample sample,1
Injection Blank,1
Lipid Standard Mix,1
Pool sample,1
chemical substance,1
